﻿<?xml version="1.0" encoding="utf-8" ?>
<LoadData>
  <Consumer Name="1" Load="40" On-Off="0" Priority="1"/>
  <Consumer Name="2" Load="109" On-Off="0" Priority="1"/>
  <Consumer Name="3" Load="66" On-Off="0" Priority="2"/>
  <Consumer Name="4" Load="40" On-Off="0" Priority="1"/>
  <Consumer Name="5" Load="161" On-Off="0" Priority="3"/>
  <Consumer Name="6" Load="155" On-Off="0" Priority="2"/>
  <Consumer Name="7" Load="132" On-Off="0" Priority="2"/>
  <Consumer Name="8" Load="155" On-Off="0" Priority="3"/>
  <Consumer Name="9" Load="121" On-Off="0" Priority="1"/>
  <Consumer Name="10" Load="130" On-Off="0" Priority="2"/>
  <Consumer Name="11" Load="80" On-Off="0" Priority="1"/>
  <Consumer Name="12" Load="64" On-Off="0" Priority="1"/>
  <Consumer Name="13" Load="58" On-Off="0" Priority="1"/>
  <Consumer Name="14" Load="116" On-Off="0" Priority="2"/>
  <Consumer Name="15" Load="85" On-Off="0" Priority="1"/>
  <Consumer Name="16" Load="63" On-Off="0" Priority="2"/>
  <Consumer Name="17" Load="77" On-Off="0" Priority="1"/>
  <Consumer Name="18" Load="51" On-Off="0" Priority="2"/>
  <Consumer Name="19" Load="46" On-Off="0" Priority="1"/>
  <Consumer Name="20" Load="100" On-Off="0" Priority="3"/>
  <Consumer Name="21" Load="107" On-Off="0" Priority="1"/>
  <Consumer Name="22" Load="20" On-Off="0" Priority="2"/>
  <Consumer Name="23" Load="166" On-Off="0" Priority="3"/>
  <Consumer Name="24" Load="30" On-Off="0" Priority="1"/>
  <Consumer Name="25" Load="25" On-Off="0" Priority="1"/>
  <Consumer Name="26" Load="92" On-Off="0" Priority="2"/>
  <Consumer Name="27" Load="30" On-Off="0" Priority="1"/>
  <Consumer Name="28" Load="25" On-Off="0" Priority="2"/>
  <Consumer Name="29" Load="109" On-Off="0" Priority="1"/>
  <Consumer Name="30" Load="20" On-Off="0" Priority="2"/>
  <Consumer Name="31" Load="248" On-Off="0" Priority="2"/>
  <Consumer Name="32" Load="94" On-Off="0" Priority="2"/>
  <Consumer Name="33" Load="93" On-Off="0" Priority="3"/>
  <Consumer Name="34" Load="158" On-Off="0" Priority="1"/>
  <Consumer Name="35" Load="130" On-Off="0" Priority="1"/>
  <Consumer Name="36" Load="80" On-Off="0" Priority="1"/>
  <Consumer Name="37" Load="64" On-Off="0" Priority="1"/>
  <Consumer Name="38" Load="58" On-Off="0" Priority="2"/>
  <Consumer Name="39" Load="116" On-Off="0" Priority="2"/>
  <Consumer Name="40" Load="132" On-Off="0" Priority="1"/>
  <Consumer Name="41" Load="150" On-Off="0" Priority="2"/>
  <Consumer Name="42" Load="121" On-Off="0" Priority="3"/>
  <Consumer Name="43" Load="130" On-Off="0" Priority="1"/>
  <Consumer Name="44" Load="80" On-Off="0" Priority="2"/>
  <Consumer Name="45" Load="64" On-Off="0" Priority="1"/>
  <Consumer Name="46" Load="58" On-Off="0" Priority="1"/>
  <Consumer Name="47" Load="116" On-Off="0" Priority="2"/>
  <Consumer Name="48" Load="85" On-Off="0" Priority="3"/>
</LoadData>